Optimizer,1st,2nd,3rd,4th,5th,Average,StdDev,Variance
Vanilla,0.11226004247693049,0.11356742716480378,0.11479238690927056,0.11622623495007182,0.11766877082461243,0.11490297246513784,0.0019069165428136896,3.6363307012565143e-06
AdaGrad,0.0739539889526067,0.07435441798801908,0.07444376808481445,0.07475089982773361,0.07510224861336819,0.07452106469330841,0.0003862433750145497,1.491839447426301e-07
AdaDelta,0.06615012722278922,0.06683052878395954,0.06908020663253421,0.07070209261167344,0.0710356469408606,0.0687597204383634,0.001979248326777857,3.917423939052946e-06
AG-SGD (Paper Proposed),2.2613056070485693,2.2613056070485693,2.2613056070485693,2.2613056070485693,2.2613056070485693,2.2613056070485693,0.0,0.0
Our Proposed,2.2647367936031073,2.2647367936031073,2.2647367936031073,2.2647367936031073,2.2647367936031073,2.2647367936031073,0.0,0.0
